City_ID,City,Country,Date,Lat,Lng,Max Temp,Min Temp,Humidity,Cloudiness,Wind Speed,Current Description
0,Tiruchchendur,IN,22-05-07 03:18:32,8.4833,78.1167,88.09,88.09,62,58,8.59,broken clouds
1,Rikitea,PF,22-05-07 03:17:27,-23.1203,-134.9692,77.13,77.13,85,100,13.02,light rain
2,Alofi,NU,22-05-07 03:18:33,-19.0595,-169.9187,76.89,76.89,94,69,5.75,broken clouds
3,Hithadhoo,MV,22-05-07 03:18:34,-0.6,73.0833,83.66,83.66,76,58,14.56,broken clouds
4,Touros,BR,22-05-07 03:18:34,-5.1989,-35.4608,76.15,76.15,92,85,10.2,overcast clouds
5,Kaitangata,NZ,22-05-07 03:18:35,-46.2817,169.8464,63.52,63.52,64,100,3.44,overcast clouds
6,Port Hardy,CA,22-05-07 03:18:35,50.6996,-127.4199,48.38,46.4,66,20,10.36,few clouds
7,Punta Arenas,CL,22-05-07 03:18:36,-53.15,-70.9167,44.71,44.11,87,100,9.22,light rain
8,Kajaani,FI,22-05-07 03:18:37,64.2273,27.7285,44.65,44.65,65,0,11.5,clear sky
9,Anan,JP,22-05-07 03:18:37,33.9167,134.65,74.98,74.98,69,24,4.21,few clouds
10,Ushuaia,AR,22-05-07 03:18:38,-54.8,-68.3,42.46,42.46,81,75,5.75,broken clouds
11,Provideniya,RU,22-05-07 03:18:38,64.3833,-173.3,31.98,31.98,86,58,10.51,broken clouds
12,Mataura,NZ,22-05-07 03:18:39,-46.1927,168.8643,60.48,60.48,72,98,2.89,overcast clouds
13,Cape Town,ZA,22-05-07 03:16:32,-33.9258,18.4232,57.88,55.27,89,75,13.8,broken clouds
14,Mahebourg,MU,22-05-07 03:18:40,-20.4081,57.7,75.49,75.25,83,40,16.11,scattered clouds
15,Mapiripan,CO,22-05-07 03:18:40,2.8892,-72.1256,74.26,74.26,93,100,1.23,overcast clouds
16,Saint-Philippe,RE,22-05-07 03:18:41,-21.3585,55.7679,69.39,69.39,84,46,11.95,scattered clouds
17,Berlevag,NO,22-05-07 03:18:41,70.8578,29.0864,39.0,39.0,97,100,12.26,overcast clouds
18,Qaanaaq,GL,22-05-07 03:18:42,77.484,-69.3632,12.04,12.04,82,100,3.4,overcast clouds
19,Saskylakh,RU,22-05-07 03:13:48,71.9167,114.0833,16.72,16.72,85,93,20.8,overcast clouds
20,Buala,SB,22-05-07 03:16:26,-8.145,159.5921,85.57,85.57,71,100,8.7,overcast clouds
21,Yoichi,JP,22-05-07 03:18:43,43.2039,140.7703,60.48,60.48,61,100,0.34,light rain
22,Iskateley,RU,22-05-07 03:18:44,67.6803,53.1512,33.39,33.39,100,100,11.72,overcast clouds
23,Jamestown,US,22-05-07 03:18:45,42.097,-79.2353,51.03,48.72,93,100,9.22,moderate rain
24,Busselton,AU,22-05-07 03:18:45,-33.65,115.3333,65.7,65.7,51,0,9.8,clear sky
25,Kyabe,TD,22-05-07 03:18:46,9.4515,18.9449,79.52,79.52,68,97,6.46,overcast clouds
26,Tasiilaq,GL,22-05-07 03:18:46,65.6145,-37.6368,24.96,24.96,62,84,4.54,broken clouds
27,Qunduz,AF,22-05-07 03:18:47,36.729,68.857,79.56,79.56,34,0,1.19,clear sky
28,Portland,US,22-05-07 03:16:40,45.5234,-122.6762,55.11,49.93,87,100,8.99,light rain
29,Pedra Azul,BR,22-05-07 03:18:48,-16.0053,-41.2972,69.03,69.03,92,100,4.85,overcast clouds
30,Matagami,CA,22-05-07 03:17:35,49.7502,-77.6328,30.31,30.31,64,0,3.44,clear sky
31,Barrow,US,22-05-07 03:18:48,71.2906,-156.7887,21.22,21.22,93,100,16.11,overcast clouds
32,Georgetown,MY,22-05-07 03:18:49,5.4112,100.3354,89.55,86.95,70,20,8.05,few clouds
33,Batemans Bay,AU,22-05-07 03:17:46,-35.7167,150.1833,60.1,60.1,37,0,11.52,clear sky
34,Strezhevoy,RU,22-05-07 03:14:46,60.7333,77.5889,23.94,23.94,89,100,28.41,snow
35,San Vicente,AR,22-05-07 03:18:50,-26.6167,-54.1333,50.83,50.83,92,85,2.73,overcast clouds
36,Warrington,GB,22-05-07 03:18:50,53.3925,-2.5802,52.79,47.34,94,75,3.44,broken clouds
37,Port Alfred,ZA,22-05-07 03:18:51,-33.5906,26.891,60.19,60.19,88,92,1.99,overcast clouds
38,Caravelas,BR,22-05-07 03:18:51,-17.7125,-39.2481,73.54,73.54,88,100,0.67,overcast clouds
39,Ribeira Grande,PT,22-05-07 03:18:52,38.5167,-28.7,60.8,60.8,68,62,4.38,broken clouds
40,Hilo,US,22-05-07 03:18:53,19.7297,-155.09,82.27,72.1,85,100,4.61,overcast clouds
41,Bengkulu,ID,22-05-07 03:18:53,-3.8004,102.2655,82.33,82.33,73,83,10.22,broken clouds
42,Muroto,JP,22-05-07 03:18:54,33.2833,134.15,67.17,67.17,71,1,3.62,clear sky
43,San Patricio,US,22-05-07 03:18:54,28.017,-97.5169,80.49,77.72,80,13,14.72,few clouds
44,Chigorodo,CO,22-05-07 03:19:56,7.6664,-76.6811,74.52,74.52,95,98,1.57,overcast clouds
45,Upernavik,GL,22-05-07 03:19:57,72.7868,-56.1549,2.98,2.98,85,4,6.11,clear sky
46,Pangnirtung,CA,22-05-07 03:19:57,66.1451,-65.7125,7.86,7.86,91,96,6.26,overcast clouds
47,Albany,US,22-05-07 03:15:15,42.6001,-73.9662,52.39,48.61,43,100,5.95,overcast clouds
48,Bredasdorp,ZA,22-05-07 03:19:58,-34.5322,20.0403,55.94,55.94,93,100,4.97,moderate rain
49,Nikolskoye,RU,22-05-07 03:19:58,59.7035,30.7861,50.72,45.91,93,33,6.91,scattered clouds
50,Antofagasta,CL,22-05-07 03:19:59,-23.65,-70.4,61.88,61.88,89,74,6.82,broken clouds
51,Santiago Del Estero,AR,22-05-07 03:20:00,-27.7951,-64.2615,62.11,62.11,59,100,6.44,overcast clouds
52,Wamba,NG,22-05-07 03:20:00,8.9333,8.6,75.11,75.11,86,100,2.51,light rain
53,Airai,TL,22-05-07 03:20:01,-8.9266,125.4092,69.62,69.62,78,70,3.67,broken clouds
54,Lavrentiya,RU,22-05-07 03:20:01,65.5833,-171.0,27.46,27.46,84,37,4.94,scattered clouds
55,Quelimane,MZ,22-05-07 03:20:02,-17.8786,36.8883,66.42,66.42,98,8,3.22,clear sky
56,Verkhoyansk,RU,22-05-07 03:20:03,67.5447,133.385,31.78,31.78,83,99,5.44,overcast clouds
57,Manakara,MG,22-05-07 03:20:03,-22.1333,48.0167,71.67,71.67,93,100,6.4,light rain
58,Shelburne,CA,22-05-07 03:20:04,44.0787,-80.2041,50.13,47.19,45,100,13.18,overcast clouds
59,Epsom,GB,22-05-07 03:20:04,51.3305,-0.2701,55.78,51.98,89,100,1.99,overcast clouds
60,Korgen,NO,22-05-07 03:20:05,66.0771,13.8153,37.72,37.18,97,100,22.01,overcast clouds
61,Pacific Grove,US,22-05-07 03:18:27,36.6177,-121.9166,62.82,54.09,86,20,8.05,few clouds
62,Manokwari,ID,22-05-07 03:20:06,-0.8667,134.0833,84.45,84.45,71,88,6.82,overcast clouds
63,Tuktoyaktuk,CA,22-05-07 03:20:06,69.4541,-133.0374,28.4,28.4,86,75,3.44,broken clouds
64,Gornozavodsk,RU,22-05-07 03:16:16,58.3758,58.3211,38.21,38.21,66,65,9.66,broken clouds
65,Lata,PT,22-05-07 03:20:07,40.1629,-8.3327,54.07,54.07,74,25,3.15,scattered clouds
66,San Jose,US,22-05-07 03:16:00,37.3394,-121.895,66.99,56.39,71,75,19.57,broken clouds
67,Thompson,CA,22-05-07 03:15:12,55.7435,-97.8558,55.56,55.56,54,100,2.3,overcast clouds
68,Yamada,JP,22-05-07 03:20:09,39.4667,141.95,64.83,64.83,67,12,16.73,few clouds
69,Bluff,NZ,22-05-07 03:20:09,-46.6,168.3333,60.8,60.8,68,100,13.96,light rain
70,Faya,SA,22-05-07 03:20:10,18.3851,42.4509,60.91,57.72,55,7,2.33,clear sky
71,Redmond,US,22-05-07 03:16:11,47.674,-122.1215,52.09,47.37,84,100,4.0,moderate rain
72,Souillac,MU,22-05-07 03:20:10,-20.5167,57.5167,75.58,75.58,83,40,16.11,scattered clouds
73,Boa Viagem,BR,22-05-07 03:20:11,-5.1275,-39.7322,72.19,72.19,84,98,1.1,overcast clouds
74,Valley City,US,22-05-07 03:20:03,46.9233,-98.0032,57.72,57.72,94,0,8.05,clear sky
75,Richards Bay,ZA,22-05-07 03:20:12,-28.783,32.0377,62.78,62.78,71,0,4.36,clear sky
76,New Norfolk,AU,22-05-07 03:20:12,-42.7826,147.0587,54.9,48.9,82,100,7.0,moderate rain
77,Doha,QA,22-05-07 03:20:13,25.2867,51.5333,85.98,84.51,54,98,10.36,overcast clouds
78,Samoded,RU,22-05-07 03:20:13,63.6083,40.5111,41.4,41.4,89,45,7.07,scattered clouds
79,Hailar,CN,22-05-07 03:20:14,49.2,119.7,57.97,57.97,14,2,21.32,clear sky
80,Norman Wells,CA,22-05-07 03:20:14,65.282,-126.8329,42.84,42.84,52,75,5.75,broken clouds
81,Kautokeino,NO,22-05-07 03:20:15,69.0125,23.0412,38.08,38.08,86,91,24.02,overcast clouds
82,Gladstone,AU,22-05-07 03:20:16,-23.85,151.25,82.78,80.53,61,100,9.22,light rain
83,Vung Tau,VN,22-05-07 03:20:16,10.346,107.0843,85.84,85.84,68,100,18.79,overcast clouds
84,Port Blair,IN,22-05-07 03:20:17,11.6667,92.75,82.44,82.44,83,100,11.5,moderate rain
85,Kapaa,US,22-05-07 03:20:17,22.0752,-159.319,80.58,75.11,82,100,16.11,overcast clouds
86,Castro,BR,22-05-07 03:20:18,-24.7911,-50.0119,50.67,50.67,98,2,5.28,clear sky
87,Luoyang,CN,22-05-07 03:16:32,34.6836,112.4536,71.13,71.13,36,49,18.32,scattered clouds
88,Victoria,HK,22-05-07 03:15:23,22.2855,114.1577,80.65,79.95,74,100,8.01,overcast clouds
89,Zhigansk,RU,22-05-07 03:20:19,66.7697,123.3711,28.0,28.0,62,94,9.01,overcast clouds
90,Bethel,US,22-05-07 03:20:19,41.3712,-73.414,51.91,47.39,91,100,0.0,moderate rain
91,Harer,ET,22-05-07 03:20:20,9.3094,42.1258,58.12,58.12,84,50,4.45,scattered clouds
92,Nishihara,JP,22-05-07 03:21:21,26.1842,127.7558,81.68,79.68,75,75,14.97,broken clouds
93,Saint George,US,22-05-07 03:21:21,37.1041,-113.5841,85.24,80.44,17,0,8.05,clear sky
94,Arcata,US,22-05-07 03:21:22,40.8665,-124.0828,58.19,52.57,68,100,16.11,mist
95,Sao Filipe,CV,22-05-07 03:21:22,14.8961,-24.4956,74.1,74.1,75,28,8.05,scattered clouds
96,Butaritari,KI,22-05-07 03:21:23,3.0707,172.7902,81.64,81.64,71,100,11.5,overcast clouds
97,Cherskiy,RU,22-05-07 03:21:23,68.75,161.3,32.79,32.79,100,100,2.89,light snow
98,Brae,GB,22-05-07 03:21:24,60.3964,-1.353,42.28,42.28,65,39,11.43,scattered clouds
99,Cabo San Lucas,MX,22-05-07 03:19:28,22.8909,-109.9124,74.61,73.06,61,0,12.39,clear sky
100,Eirunepe,BR,22-05-07 03:21:25,-6.6603,-69.8736,74.53,74.53,85,82,0.98,broken clouds
101,Coxim,BR,22-05-07 03:21:26,-18.5067,-54.76,60.89,60.89,52,0,3.51,clear sky
102,Komsomolskiy,UZ,22-05-07 03:21:26,40.4272,71.7189,70.52,70.52,49,3,4.61,clear sky
103,Severo-Yeniseyskiy,RU,22-05-07 03:21:27,60.3725,93.0408,43.77,43.77,77,100,12.95,light rain
104,Sitka,US,22-05-07 03:14:10,57.0531,-135.33,46.29,46.29,71,0,6.91,clear sky
105,Khash,IR,22-05-07 03:21:27,28.2211,61.2158,76.91,76.91,22,0,4.12,clear sky
106,Atuona,PF,22-05-07 03:21:28,-9.8,-139.0333,79.05,79.05,73,12,15.03,few clouds
107,Longyearbyen,SJ,22-05-07 03:21:28,78.2186,15.6401,19.24,19.24,79,20,10.36,few clouds
108,Hobart,AU,22-05-07 03:18:56,-42.8794,147.3294,55.26,49.26,90,75,19.57,heavy intensity shower rain
109,Husavik,IS,22-05-07 03:21:29,66.0449,-17.3389,34.07,34.07,72,99,11.1,overcast clouds
110,Sovetskiy,RU,22-05-07 03:21:30,61.3614,63.5842,32.9,32.9,56,24,7.36,few clouds
111,Fukue,JP,22-05-07 03:21:30,32.6881,128.8419,70.16,70.16,88,75,4.61,broken clouds
112,Itoman,JP,22-05-07 03:21:31,26.1247,127.6694,82.42,80.4,74,75,10.36,broken clouds
113,Klaksvik,FO,22-05-07 03:21:32,62.2266,-6.589,34.72,34.72,66,22,10.22,few clouds
114,Sturgeon Falls,CA,22-05-07 03:21:32,46.3646,-79.9326,46.36,45.9,54,0,9.93,clear sky
115,Cabedelo,BR,22-05-07 03:21:33,-6.9811,-34.8339,74.07,74.07,85,94,12.55,overcast clouds
116,Yellowknife,CA,22-05-07 03:20:49,62.456,-114.3525,48.56,46.92,57,20,18.41,few clouds
117,Soyo,AO,22-05-07 03:21:33,-6.1349,12.3689,76.77,76.77,91,86,2.39,overcast clouds
118,Sechenovo,RU,22-05-07 03:21:34,55.2244,45.8906,41.04,41.04,63,3,8.19,clear sky
119,Khatanga,RU,22-05-07 03:14:14,71.9667,102.5,14.7,14.7,88,95,17.74,overcast clouds
120,Port Lincoln,AU,22-05-07 03:21:35,-34.7333,135.8667,62.19,62.19,55,21,10.6,few clouds
121,Hay River,CA,22-05-07 03:21:35,60.8156,-115.7999,39.18,39.16,87,100,17.27,moderate rain
122,Krasnoturansk,RU,22-05-07 03:21:36,54.3186,91.5639,59.22,59.22,46,100,13.67,overcast clouds
123,Dangriga,BZ,22-05-07 03:21:37,16.9692,-88.2321,81.61,81.61,87,100,11.54,overcast clouds
124,Beringovskiy,RU,22-05-07 03:21:37,63.05,179.3167,33.98,33.98,88,99,5.32,overcast clouds
125,Pochutla,MX,22-05-07 03:21:38,15.7432,-96.4661,80.42,79.83,63,0,2.93,clear sky
126,Puerto Ayora,EC,22-05-07 03:21:38,-0.7393,-90.3518,72.36,72.36,92,67,7.61,broken clouds
127,Ankang,CN,22-05-07 03:20:58,32.68,109.0172,80.56,80.56,55,3,10.0,clear sky
128,Kanniyakumari,IN,22-05-07 03:21:39,8.0833,77.5667,83.98,83.98,74,72,15.23,broken clouds
129,Nanortalik,GL,22-05-07 03:21:40,60.1432,-45.2371,34.52,34.52,99,100,4.07,light snow
130,Kati,ML,22-05-07 03:21:40,12.7441,-8.0726,85.41,85.41,25,36,5.95,scattered clouds
131,Avarua,CK,22-05-07 03:21:41,-21.2078,-159.775,87.85,87.85,74,8,8.05,clear sky
132,Gizo,SB,22-05-07 03:21:41,-8.103,156.8419,85.57,85.57,68,100,3.62,overcast clouds
133,Vaini,TO,22-05-07 03:21:42,-21.2,-175.2,78.96,78.96,73,75,11.5,broken clouds
134,Jardim,BR,22-05-07 03:21:42,-21.4803,-56.1381,61.29,61.29,85,3,4.16,clear sky
135,Baculin,PH,22-05-07 03:21:43,7.4525,126.5842,84.15,84.15,77,95,7.23,overcast clouds
136,Payo,ID,22-05-07 03:21:43,-3.7508,103.6372,87.06,87.06,65,99,1.83,overcast clouds
137,Clyde River,CA,22-05-07 03:22:44,70.4692,-68.5914,-0.17,-0.17,85,20,5.75,few clouds
138,Nantucket,US,22-05-07 03:22:44,41.2835,-70.0995,51.91,49.01,93,100,6.91,moderate rain
139,Yago,MX,22-05-07 03:22:45,21.8333,-105.0667,71.55,71.55,77,0,1.86,clear sky
140,Faanui,PF,22-05-07 03:22:45,-16.4833,-151.75,81.86,81.86,71,11,0.87,few clouds
141,Fort Nelson,CA,22-05-07 03:22:46,58.8053,-122.7002,47.79,47.79,49,100,12.66,overcast clouds
142,Sola,VU,22-05-07 03:22:47,-13.8833,167.55,81.55,81.55,69,73,18.88,broken clouds
143,Chuy,UY,22-05-07 03:22:47,-33.6971,-53.4616,56.3,56.3,88,0,3.89,clear sky
144,Dharchula,IN,22-05-07 03:22:48,29.85,80.5333,75.72,75.72,45,64,3.98,broken clouds
145,Mar Del Plata,AR,22-05-07 03:20:06,-38.0023,-57.5575,57.87,55.94,96,96,6.04,overcast clouds
146,Keflavik,IS,22-05-07 03:22:48,64.0049,-22.5624,41.43,39.11,70,75,12.66,broken clouds
147,Paamiut,GL,22-05-07 03:22:49,61.994,-49.6678,31.62,31.62,97,98,1.63,overcast clouds
148,Wattegama,LK,22-05-07 03:22:49,6.7989,81.4808,85.03,85.03,70,27,0.83,scattered clouds
149,Diamantino,BR,22-05-07 03:22:50,-14.4086,-56.4461,66.6,66.6,55,0,4.18,clear sky
150,Sur,OM,22-05-07 03:22:50,22.5667,59.5289,85.14,85.14,48,0,7.02,clear sky
151,Ganzhou,CN,22-05-07 03:22:51,28.8184,115.4327,78.28,78.28,66,100,1.43,overcast clouds
152,Havoysund,NO,22-05-07 03:22:51,70.9963,24.6622,39.43,39.43,90,100,16.8,light rain
153,Belyy Yar,RU,22-05-07 03:22:52,53.6039,91.3903,71.85,71.49,27,0,17.9,clear sky
154,Codrington,AU,22-05-07 03:22:53,-38.2667,141.9667,55.99,55.99,81,100,15.95,overcast clouds
155,Ovsyanka,RU,22-05-07 03:22:53,55.9575,92.5519,68.97,68.97,44,100,18.5,overcast clouds
156,Isangel,VU,22-05-07 03:18:15,-19.55,169.2667,79.61,79.61,67,7,17.72,clear sky
157,Flinders,AU,22-05-07 03:22:54,-34.5833,150.8552,65.17,61.25,48,12,11.99,few clouds
158,Sao Borja,BR,22-05-07 03:22:54,-28.6606,-56.0044,55.94,55.94,91,100,6.29,overcast clouds
159,Tupiza,BO,22-05-07 03:22:55,-21.45,-65.7167,50.88,50.88,63,8,4.0,clear sky
160,Zhanaozen,KZ,22-05-07 03:22:55,43.3,52.8,61.57,61.57,76,32,19.75,scattered clouds
161,Adrar,MR,22-05-07 03:22:56,20.5022,-10.0711,80.55,80.55,14,0,9.15,clear sky
162,Ponta Do Sol,PT,22-05-07 03:22:57,32.6667,-17.1,68.63,62.13,50,85,4.41,overcast clouds
163,Commerce,US,22-05-07 03:18:49,34.0006,-118.1598,75.97,59.99,66,0,5.75,clear sky
164,Cockburn Town,TC,22-05-07 03:22:57,21.4612,-71.1419,78.46,78.46,80,1,15.93,clear sky
165,Ilulissat,GL,22-05-07 03:22:58,69.2167,-51.1,23.02,23.02,63,12,5.75,few clouds
166,Mozarlandia,BR,22-05-07 03:22:58,-14.7447,-50.5706,74.68,74.68,58,2,6.33,clear sky
167,Tura,IN,22-05-07 03:22:59,25.5198,90.2201,84.94,84.94,54,0,1.83,clear sky
168,Atlanta,US,22-05-07 03:20:05,33.749,-84.388,68.9,64.89,62,75,10.36,broken clouds
169,Koping,SE,22-05-07 03:23:00,59.514,15.9926,53.53,51.89,84,100,9.31,light rain
170,Lebu,CL,22-05-07 03:23:00,-37.6167,-73.65,52.3,52.3,92,73,8.14,broken clouds
171,Bandarbeyla,SO,22-05-07 03:23:01,9.4942,50.8122,81.27,81.27,85,31,10.54,scattered clouds
172,Along,IN,22-05-07 03:23:01,28.1667,94.7667,84.65,84.65,55,12,0.63,few clouds
173,Iqaluit,CA,22-05-07 03:23:02,63.7506,-68.5145,13.73,13.73,79,20,12.66,few clouds
174,Gondanglegi,ID,22-05-07 03:23:03,-7.7479,112.0132,86.4,86.4,70,97,6.22,overcast clouds
175,Taoudenni,ML,22-05-07 03:23:03,22.6783,-3.9836,84.87,84.87,13,14,10.6,few clouds
176,Sao Joao Da Barra,BR,22-05-07 03:23:04,-21.6403,-41.0511,68.38,68.38,78,0,9.08,clear sky
177,Severo-Kurilsk,RU,22-05-07 03:23:08,50.6789,156.125,44.33,44.33,87,90,8.52,overcast clouds
178,Mandera,KE,22-05-07 03:23:09,3.9366,41.867,77.36,77.36,74,62,11.5,broken clouds
179,Dikson,RU,22-05-07 03:23:09,73.5069,80.5464,18.63,18.63,89,100,12.82,overcast clouds
180,Sigulda,LV,22-05-07 03:23:10,57.1519,24.8647,41.77,39.74,96,21,1.99,few clouds
181,Villa Carlos Paz,AR,22-05-07 03:23:10,-31.4241,-64.4978,52.83,49.28,10,100,1.99,overcast clouds
182,Hermanus,ZA,22-05-07 03:23:11,-34.4187,19.2345,53.8,53.8,88,100,11.52,moderate rain
183,Emerald,AU,22-05-07 03:23:11,-23.5333,148.1667,74.34,74.34,56,100,10.8,overcast clouds
184,Sarangani,PH,22-05-07 03:23:20,5.4033,125.4636,83.57,83.57,78,78,21.56,broken clouds
185,Chingirlau,KZ,22-05-07 03:24:12,51.095,54.0814,42.4,42.4,44,52,16.53,broken clouds
186,Poum,NC,22-05-07 03:21:26,-20.2333,164.0167,79.34,79.34,68,4,16.37,clear sky
187,Carnarvon,AU,22-05-07 03:24:13,-24.8667,113.6333,87.87,87.87,19,71,10.36,broken clouds
188,Honiara,SB,22-05-07 03:24:13,-9.4333,159.95,86.38,86.38,71,80,7.76,broken clouds
189,Cidreira,BR,22-05-07 03:24:14,-30.1811,-50.2056,61.38,61.38,71,100,0.83,overcast clouds
190,Kolpny,RU,22-05-07 03:24:14,52.2282,37.0368,42.1,42.1,75,79,6.53,broken clouds
191,Keetmanshoop,NA,22-05-07 03:24:15,-26.5833,18.1333,49.48,49.48,81,0,9.71,clear sky
192,Kozhevnikovo,RU,22-05-07 03:24:16,56.2589,83.9714,41.52,41.52,44,21,23.11,few clouds
193,Russell,US,22-05-07 03:24:16,32.3502,-85.1999,71.2,63.55,72,0,0.0,clear sky
194,Marsabit,KE,22-05-07 03:24:17,2.3284,37.9899,63.39,63.39,89,95,15.82,overcast clouds
195,Chokurdakh,RU,22-05-07 03:24:17,70.6333,147.9167,27.39,27.39,85,98,5.26,overcast clouds
196,Sungaipenuh,ID,22-05-07 03:24:18,-2.0833,101.3833,72.59,72.59,83,100,4.18,overcast clouds
197,Abengourou,CI,22-05-07 03:24:19,6.7297,-3.4964,70.5,70.5,97,100,1.79,overcast clouds
198,East London,ZA,22-05-07 03:24:19,-33.0153,27.9116,65.93,65.93,80,97,11.77,overcast clouds
199,Mazagao,BR,22-05-07 03:24:20,-0.115,-51.2894,78.85,78.85,96,100,2.75,overcast clouds
200,Parit Buntar,MY,22-05-07 03:24:20,5.1267,100.4932,89.62,87.01,74,100,1.41,light rain
201,Coquimbo,CL,22-05-07 03:23:16,-29.9533,-71.3436,55.13,55.13,94,100,3.44,overcast clouds
202,Hualmay,PE,22-05-07 03:24:21,-11.0964,-77.6139,64.69,64.69,88,4,6.11,clear sky
203,Ginir,ET,22-05-07 03:24:22,7.1333,40.7,55.89,55.89,86,25,4.34,scattered clouds
204,San Juan,AR,22-05-07 03:22:36,-31.5375,-68.5364,61.05,61.05,44,100,0.87,overcast clouds
205,Domoni,KM,22-05-07 03:24:22,-12.2569,44.5319,79.05,79.05,79,37,9.19,scattered clouds
206,Tinskoy,RU,22-05-07 03:24:23,56.1525,96.9161,64.74,64.74,37,98,13.22,overcast clouds
207,Port Elizabeth,ZA,22-05-07 03:21:53,-33.918,25.5701,62.31,62.31,83,94,5.99,overcast clouds
208,Necochea,AR,22-05-07 03:24:24,-38.5473,-58.7368,55.24,55.24,81,92,7.14,overcast clouds
209,Cayhagan,PH,22-05-07 03:24:24,9.6697,122.4256,88.48,88.48,59,8,11.21,clear sky
210,Saint-Augustin,CA,22-05-07 03:24:25,51.226,-58.6502,28.9,28.9,61,70,14.0,broken clouds
211,Port Hedland,AU,22-05-07 03:24:25,-20.3167,118.5667,86.05,86.05,32,0,17.27,clear sky
212,Srikakulam,IN,22-05-07 03:24:26,18.3,83.9,88.23,88.23,65,68,9.19,broken clouds
213,Tiksi,RU,22-05-07 03:24:27,71.6872,128.8694,17.85,17.85,82,10,18.34,clear sky
214,Bambanglipuro,ID,22-05-07 03:24:31,-7.95,110.2833,85.96,85.96,71,76,8.23,broken clouds
215,Mahibadhoo,MV,22-05-07 03:24:32,3.7833,72.9667,83.84,83.84,77,91,13.62,overcast clouds
216,Trairi,BR,22-05-07 03:24:32,-3.2778,-39.2689,76.24,76.24,90,99,6.13,overcast clouds
217,Ahipara,NZ,22-05-07 03:24:33,-35.1667,173.1667,67.68,67.68,60,5,1.41,clear sky
218,Kunming,CN,22-05-07 03:24:33,25.0389,102.7183,67.93,67.93,56,75,11.18,broken clouds
219,Arraial Do Cabo,BR,22-05-07 03:24:34,-22.9661,-42.0278,72.12,72.12,77,2,19.71,clear sky
220,Killin,US,22-05-07 03:24:34,33.6123,-91.7412,62.69,62.1,88,0,0.0,clear sky
221,Hammerfest,NO,22-05-07 03:24:35,70.6634,23.6821,39.65,39.65,87,75,13.8,light rain
222,Palmer,US,22-05-07 03:24:35,42.1584,-72.3287,54.5,50.59,79,100,0.0,overcast clouds
223,Yar-Sale,RU,22-05-07 03:24:36,66.8333,70.8333,10.92,10.92,86,17,8.41,few clouds
224,Merrill,US,22-05-07 03:22:59,45.1805,-89.6835,55.17,49.15,40,0,0.0,clear sky
225,Kulu,TR,22-05-07 03:24:37,39.0951,33.0799,43.7,43.7,70,100,6.04,overcast clouds
226,Noshiro,JP,22-05-07 03:24:37,40.2039,140.0242,77.83,77.83,54,100,6.71,overcast clouds
227,Pevek,RU,22-05-07 03:24:38,69.7008,170.3133,29.62,29.62,96,100,4.36,light snow
228,Nogliki,RU,22-05-07 03:25:38,51.8333,143.1667,38.16,38.16,90,30,11.12,scattered clouds
229,Davila,PH,22-05-07 03:25:39,18.4726,120.5763,89.58,89.58,65,82,5.66,broken clouds
230,Namatanai,PG,22-05-07 03:25:40,-3.6667,152.4333,85.42,85.42,69,53,9.8,broken clouds
231,Kodiak,US,22-05-07 03:25:40,57.79,-152.4072,45.91,45.91,71,100,12.66,overcast clouds
232,Puerto Lopez,CO,22-05-07 03:25:41,4.0845,-72.956,72.91,72.91,96,65,0.96,broken clouds
233,Ondjiva,AO,22-05-07 03:25:41,-17.0667,15.7333,57.61,57.61,56,3,4.63,clear sky
234,Dingle,PH,22-05-07 03:25:42,10.9995,122.6711,88.79,88.79,59,16,13.06,few clouds
235,Roald,NO,22-05-07 03:25:42,62.5833,6.1333,43.75,36.12,75,40,13.8,scattered clouds
236,Colac,AU,22-05-07 03:25:43,-38.3333,143.5833,53.17,51.84,86,100,12.93,light rain
237,Dawei,MM,22-05-07 03:25:44,14.0833,98.2,87.51,87.51,62,90,4.03,overcast clouds
238,Vila Franca Do Campo,PT,22-05-07 03:25:44,37.7167,-25.4333,65.19,63.01,93,100,6.87,overcast clouds
239,Koungou,YT,22-05-07 03:25:45,-12.7336,45.2042,80.31,80.31,78,20,12.66,few clouds
240,Harper,LR,22-05-07 03:25:45,4.375,-7.7169,80.15,80.15,87,99,8.41,moderate rain
241,Labuhan,ID,22-05-07 03:25:46,-6.8844,112.2051,85.68,85.68,71,64,4.52,broken clouds
242,San Carlos De Bariloche,AR,22-05-07 03:25:46,-41.1456,-71.3082,47.95,47.95,76,0,10.36,clear sky
243,Qeshm,IR,22-05-07 03:25:47,26.9581,56.2719,80.49,80.47,79,0,10.18,clear sky
244,Saint-Joseph,RE,22-05-07 03:25:48,-21.3667,55.6167,68.38,65.1,80,38,12.26,scattered clouds
245,Okato,NZ,22-05-07 03:25:48,-39.2,173.8833,66.9,61.68,81,52,4.0,broken clouds
246,Abu Dhabi,AE,22-05-07 03:23:32,24.4667,54.3667,87.91,85.96,47,0,17.27,clear sky
247,Comodoro Rivadavia,AR,22-05-07 03:22:48,-45.8667,-67.5,58.86,58.86,51,0,10.36,clear sky
248,Alihe,CN,22-05-07 03:25:49,50.5667,123.7167,57.67,57.67,21,34,14.52,scattered clouds
249,Yulara,AU,22-05-07 03:25:50,-25.2406,130.9889,62.44,62.44,31,0,14.97,clear sky
250,Tazovskiy,RU,22-05-07 03:25:50,67.4667,78.7,14.9,14.9,92,100,16.73,overcast clouds
251,Vikhorevka,RU,22-05-07 03:25:51,56.1201,101.1636,65.79,65.79,31,88,10.51,overcast clouds
252,Stephenville,US,22-05-07 03:22:38,32.2207,-98.2023,76.15,73.81,79,0,6.91,clear sky
253,Khandbari,NP,22-05-07 03:25:51,27.3747,87.2039,76.23,76.23,60,76,2.06,broken clouds
254,Ketchikan,US,22-05-07 03:25:52,55.3422,-131.6461,46.87,46.38,71,40,9.22,scattered clouds
255,Thabazimbi,ZA,22-05-07 03:25:53,-24.5917,27.4116,58.05,58.05,52,0,1.52,clear sky
256,Biltine,TD,22-05-07 03:25:53,14.5333,20.9167,85.77,85.77,12,62,18.95,broken clouds
257,Kibala,TD,22-05-07 03:25:54,9.1104,18.3463,80.55,80.55,78,20,0.0,few clouds
258,Clarksburg,US,22-05-07 03:25:01,39.2807,-80.3445,61.9,57.45,96,100,3.44,overcast clouds
259,Mount Isa,AU,22-05-07 03:25:54,-20.7333,139.5,74.97,74.97,31,0,10.36,clear sky
260,Meridian,US,22-05-07 03:23:43,43.6121,-116.3915,70.65,60.19,23,100,17.27,overcast clouds
261,San Andres,CO,22-05-07 03:25:55,12.5847,-81.7006,82.42,82.42,83,40,5.75,scattered clouds
262,Bontang,ID,22-05-07 03:25:56,0.1333,117.5,84.76,84.76,72,100,1.61,overcast clouds
263,Puerto Ayacucho,VE,22-05-07 03:25:56,5.6639,-67.6236,73.94,73.94,95,99,1.72,overcast clouds
264,San-Pedro,CI,22-05-07 03:25:57,4.7485,-6.6363,79.45,79.45,88,96,5.37,light rain
265,Gornyy,RU,22-05-07 03:25:57,55.1153,83.9059,41.81,41.81,46,52,24.74,broken clouds
266,Gonaives,HT,22-05-07 03:25:58,19.45,-72.6833,78.26,78.26,77,0,0.81,clear sky
267,Shenjiamen,CN,22-05-07 03:25:58,29.9576,122.298,67.87,67.87,85,100,5.28,overcast clouds
268,Esperance,AU,22-05-07 03:25:59,-33.8667,121.9,67.84,67.84,45,0,10.18,clear sky
269,Shiliguri,IN,22-05-07 03:25:59,26.7,88.4333,87.58,87.58,45,12,3.87,few clouds
270,Colares,PT,22-05-07 03:26:00,38.7992,-9.4469,63.59,53.28,59,92,11.99,overcast clouds
271,Haines Junction,CA,22-05-07 03:26:00,60.7522,-137.5108,46.35,46.35,34,100,9.22,overcast clouds
272,Havelock,US,22-05-07 03:26:01,34.8791,-76.9013,76.95,71.94,89,100,11.48,overcast clouds
273,Mount Gambier,AU,22-05-07 03:27:02,-37.8333,140.7667,58.91,58.91,72,100,18.41,overcast clouds
274,Piterka,RU,22-05-07 03:27:02,50.6803,47.4454,42.67,42.67,57,13,10.78,few clouds
275,Elko,US,22-05-07 03:27:03,41.0002,-115.5012,64.63,63.73,31,84,18.01,broken clouds
276,Lima,PE,22-05-07 03:24:53,-12.0432,-77.0282,67.89,61.05,78,75,9.22,broken clouds
277,Kerman,IR,22-05-07 03:27:04,30.2832,57.0788,57.06,57.06,44,1,4.61,dust
278,Krabi,TH,22-05-07 03:27:04,8.0726,98.9105,87.06,82.6,94,20,4.61,few clouds
279,Vozrozhdeniye,RU,22-05-07 03:27:05,44.5503,38.2136,46.47,46.47,79,82,22.79,broken clouds
280,Siocon,PH,22-05-07 03:27:06,7.7061,122.1353,88.36,88.36,66,19,3.24,few clouds
281,Puerto Escondido,MX,22-05-07 03:27:06,15.85,-97.0667,81.43,81.43,74,0,0.0,clear sky
282,Luderitz,NA,22-05-07 03:27:07,-26.6481,15.1594,56.23,56.23,86,0,16.33,clear sky
283,Abbotsford,CA,22-05-07 03:22:17,49.058,-122.2526,50.68,45.68,88,100,5.75,overcast clouds
284,Margate,GB,22-05-07 03:27:08,51.3813,1.3862,55.69,53.69,83,100,1.99,overcast clouds
285,Kavaratti,IN,22-05-07 03:27:09,10.5669,72.642,85.06,85.06,72,92,14.45,overcast clouds
286,Narsaq,GL,22-05-07 03:27:09,60.9167,-46.05,35.82,35.82,96,99,5.17,overcast clouds
287,Farah,AF,22-05-07 03:27:10,32.5,62.5,85.26,85.26,12,40,5.12,scattered clouds
288,Bambous Virieux,MU,22-05-07 03:27:11,-20.3428,57.7575,76.21,75.45,83,40,16.11,scattered clouds
289,Middleton,GB,22-05-07 03:24:55,53.55,-2.2,51.04,47.41,95,50,3.13,scattered clouds
290,Gangapur,IN,22-05-07 03:27:12,26.4833,76.7167,95.49,95.49,20,14,4.99,few clouds
291,Waipawa,NZ,22-05-07 03:27:12,-41.4122,175.5153,65.1,65.1,55,0,4.43,clear sky
292,Humaita,BR,22-05-07 03:27:15,-7.5061,-63.0208,74.28,74.28,94,77,2.28,broken clouds
293,Auckland,NZ,22-05-07 03:22:55,-36.8667,174.7667,69.71,63.75,67,100,8.01,overcast clouds
294,Gawler,AU,22-05-07 03:27:15,-34.6,138.7333,62.11,58.96,69,56,12.01,broken clouds
295,Sambava,MG,22-05-07 03:27:16,-14.2667,50.1667,73.78,73.78,88,20,7.45,light rain
296,Nhamunda,BR,22-05-07 03:27:16,-2.1861,-56.7131,74.16,74.16,98,52,2.53,light rain
297,Gumla,IN,22-05-07 03:27:18,23.05,84.55,89.62,89.62,29,0,0.36,clear sky
298,Hobyo,SO,22-05-07 03:27:19,5.3505,48.5268,81.82,81.82,82,22,14.56,few clouds
299,Uppsala,SE,22-05-07 03:27:20,60.0,17.75,53.04,51.31,82,100,10.36,overcast clouds
300,Maragogi,BR,22-05-07 03:27:20,-9.0122,-35.2225,77.32,77.32,82,19,7.02,few clouds
301,Meulaboh,ID,22-05-07 03:27:21,4.1363,96.1285,79.54,79.54,84,100,4.59,overcast clouds
302,Turhal,TR,22-05-07 03:27:21,40.3875,36.0811,45.77,45.77,92,100,3.74,overcast clouds
303,Grand Gaube,MU,22-05-07 03:27:22,-20.0064,57.6608,76.37,75.6,69,0,4.0,clear sky
304,Lompoc,US,22-05-07 03:23:03,34.6391,-120.4579,62.56,54.93,86,100,31.0,overcast clouds
305,Manthani,IN,22-05-07 03:27:23,18.65,79.6667,92.77,92.77,47,100,10.2,overcast clouds
306,Whitehorse,CA,22-05-07 03:27:24,60.7161,-135.0538,41.81,39.09,59,75,4.61,broken clouds
307,Tautira,PF,22-05-07 03:27:24,-17.7333,-149.15,81.34,81.34,77,33,5.21,light rain
308,Gat,IL,22-05-07 03:27:25,31.61,34.7642,60.4,55.81,73,11,6.55,few clouds
309,Uelzen,DE,22-05-07 03:27:25,52.9667,10.5667,50.38,50.38,85,99,3.0,overcast clouds
310,Plettenberg Bay,ZA,22-05-07 03:27:26,-34.0527,23.3716,60.22,60.22,91,84,13.96,light rain
311,Kahului,US,22-05-07 03:27:26,20.8947,-156.47,78.82,73.98,67,100,18.41,overcast clouds
312,Kosovska Mitrovica,XK,22-05-07 03:27:27,42.8833,20.8667,53.94,53.94,89,94,3.4,overcast clouds
313,Zafarabad,IN,22-05-07 03:27:27,25.7,82.7333,84.22,84.22,35,1,6.22,clear sky
314,Jumla,NP,22-05-07 03:23:34,29.2747,82.1838,61.66,61.66,61,9,4.99,clear sky
315,Peniche,PT,22-05-07 03:28:28,39.3558,-9.3811,55.29,53.11,95,93,4.72,overcast clouds
316,Thinadhoo,MV,22-05-07 03:28:29,0.5333,72.9333,83.64,83.64,77,72,15.05,broken clouds
317,Paidha,UG,22-05-07 03:28:29,2.4167,30.9855,60.94,60.94,87,74,4.79,broken clouds
318,Vardo,NO,22-05-07 03:28:30,70.3705,31.1107,40.57,40.57,93,100,18.54,overcast clouds
319,Ternate,ID,22-05-07 03:28:30,0.8,127.4,84.74,84.74,73,30,5.1,scattered clouds
320,Taraz,KZ,22-05-07 03:25:35,42.9,71.3667,73.81,73.81,49,3,8.95,clear sky
321,Jalu,LY,22-05-07 03:28:31,29.0331,21.5482,72.82,72.82,19,100,16.64,overcast clouds
322,Duncan,US,22-05-07 03:23:53,34.5023,-97.9578,68.05,64.29,73,0,5.75,clear sky
323,Bereda,ES,22-05-07 03:28:32,43.2686,-7.5406,48.42,45.57,98,36,2.64,scattered clouds
324,Ngorongoro,TZ,22-05-07 03:24:41,-3.2397,35.4875,51.66,51.66,97,96,6.06,overcast clouds
325,Kupang,ID,22-05-07 03:28:32,-10.1667,123.5833,86.59,86.59,67,78,13.65,broken clouds
326,Torbay,CA,22-05-07 03:28:33,47.6666,-52.7314,35.28,32.54,91,100,11.5,overcast clouds
327,Albi,FR,22-05-07 03:28:34,43.9298,2.148,54.1,54.1,93,16,1.63,few clouds
328,Westport,US,22-05-07 03:27:30,41.1415,-73.3579,52.3,46.18,95,100,8.05,moderate rain
329,Xining,CN,22-05-07 03:28:35,36.6167,101.7667,67.55,67.55,33,1,3.44,clear sky
330,Yanam,IN,22-05-07 03:28:35,16.7333,82.2167,91.11,91.11,56,83,3.4,broken clouds
331,Bilma,NE,22-05-07 03:28:36,18.6853,12.9164,87.64,87.64,15,100,5.95,overcast clouds
332,Praia Da Vitoria,PT,22-05-07 03:28:25,38.7333,-27.0667,55.76,53.85,100,0,7.18,clear sky
333,Vila,PT,22-05-07 03:28:36,42.0304,-8.1588,49.08,46.71,81,7,4.61,clear sky
334,Illintsi,UA,22-05-07 03:28:37,49.1048,29.2177,44.74,44.74,69,100,7.34,overcast clouds
335,Skjervoy,NO,22-05-07 03:28:37,70.0311,20.9714,44.6,44.6,78,98,4.32,overcast clouds
336,Guarapuava,BR,22-05-07 03:28:38,-25.3953,-51.4581,50.29,50.29,98,2,2.68,clear sky
337,Sisimiut,GL,22-05-07 03:28:39,66.9395,-53.6735,23.97,23.97,62,59,5.32,broken clouds
338,Fuerte Olimpo,PY,22-05-07 03:28:39,-21.0415,-57.8738,62.94,62.94,74,1,3.76,clear sky
339,Los Llanos De Aridane,ES,22-05-07 03:28:40,28.6585,-17.9182,60.55,59.13,53,0,10.36,clear sky
340,Hofn,IS,22-05-07 03:28:40,64.2539,-15.2082,39.4,39.4,50,100,4.94,overcast clouds
341,Shu,KZ,22-05-07 03:28:41,43.5983,73.7614,69.8,69.8,61,4,4.74,clear sky
342,Henties Bay,NA,22-05-07 03:28:41,-22.116,14.2845,58.12,58.12,90,0,9.01,clear sky
343,Mehamn,NO,22-05-07 03:28:42,71.0357,27.8492,39.72,39.72,91,100,9.66,light rain
344,Fort-Shevchenko,KZ,22-05-07 03:28:43,44.5086,50.263,55.69,55.69,76,76,22.7,broken clouds
345,Penzance,GB,22-05-07 03:28:43,50.1186,-5.5371,54.28,54.28,94,16,6.93,few clouds
346,Kampot,KH,22-05-07 03:28:44,10.6167,104.1833,86.05,86.05,70,93,9.44,overcast clouds
347,Roseland,US,22-05-07 03:28:44,38.4221,-122.728,62.91,54.45,80,75,10.36,broken clouds
348,Ostrovnoy,RU,22-05-07 03:28:45,68.0531,39.5131,36.93,36.93,86,79,21.34,broken clouds
349,Muscle Shoals,US,22-05-07 03:28:45,34.7448,-87.6675,63.64,58.87,83,75,13.8,broken clouds
350,Nabire,ID,22-05-07 03:25:07,-3.3667,135.4833,86.18,86.18,70,88,4.23,overcast clouds
351,Hervey Bay,AU,22-05-07 03:28:46,-25.2986,152.8535,77.85,77.85,69,100,5.37,light rain
352,Bonavista,CA,22-05-07 03:28:47,48.6499,-53.1147,32.63,32.63,80,89,17.72,overcast clouds
353,Boguchany,RU,22-05-07 03:28:47,58.3814,97.4531,57.07,57.07,54,100,12.21,overcast clouds
354,Ust-Kuyga,RU,22-05-07 03:28:48,70.0167,135.6,22.24,22.24,88,100,23.73,snow
355,Casian,PH,22-05-07 03:28:48,11.035,119.7136,85.32,85.32,74,19,17.63,few clouds
356,Dunedin,NZ,22-05-07 03:28:49,-45.8742,170.5036,59.81,59.81,77,98,1.99,overcast clouds
357,Shar,KZ,22-05-07 03:28:50,49.5886,81.0453,60.87,60.87,35,0,14.7,clear sky
358,Lac Du Bonnet,CA,22-05-07 03:28:50,50.2536,-96.0612,57.99,57.99,60,79,6.82,broken clouds
359,Grootfontein,NA,22-05-07 03:29:51,-19.5667,18.1167,45.97,45.97,76,0,3.44,clear sky
360,Hasaki,JP,22-05-07 03:29:51,35.7333,140.8333,68.4,68.4,76,49,12.3,scattered clouds
361,Santa Marta,CO,22-05-07 03:29:52,11.2408,-74.199,80.89,80.65,82,40,3.0,scattered clouds
362,Abnub,EG,22-05-07 03:29:53,27.2696,31.1511,62.82,62.82,38,3,5.55,clear sky
363,Sao Francisco,BR,22-05-07 03:29:53,-15.9486,-44.8644,75.83,75.83,65,99,2.98,light rain
364,Marsa Matruh,EG,22-05-07 03:29:55,31.3525,27.2453,61.0,61.0,77,0,4.61,clear sky
365,Hegang,CN,22-05-07 03:29:56,47.4,130.3667,51.87,51.87,23,81,11.52,broken clouds
366,Port Augusta,AU,22-05-07 03:29:56,-32.5,137.7667,61.75,61.75,37,5,4.03,clear sky
367,Viedma,AR,22-05-07 03:29:57,-40.8135,-62.9967,56.93,56.93,54,69,9.93,broken clouds
368,Magadan,RU,22-05-07 03:29:58,59.5667,150.8,33.53,33.53,98,100,19.42,snow
369,Santa Isabel Do Rio Negro,BR,22-05-07 03:29:58,-0.4139,-65.0192,73.4,73.4,100,100,2.55,overcast clouds
370,Sinnamary,GF,22-05-07 03:29:59,5.3833,-52.95,76.87,76.87,91,100,7.14,light rain
371,Alice Springs,AU,22-05-07 03:26:19,-23.7,133.8833,62.15,62.15,34,0,14.97,clear sky
372,Vanimo,PG,22-05-07 03:29:59,-2.6741,141.3028,86.09,86.09,70,62,9.04,broken clouds
373,Sao Jose Da Coroa Grande,BR,22-05-07 03:30:00,-8.8978,-35.1478,77.77,77.77,81,12,7.58,few clouds
374,Lasa,IT,22-05-07 03:30:01,46.6166,10.7002,50.88,45.7,96,100,3.58,overcast clouds
375,Medgyesegyhaza,HU,22-05-07 03:30:01,46.5,21.0333,53.85,51.91,78,100,2.37,overcast clouds
376,Arak,IR,22-05-07 03:30:02,34.0917,49.6892,47.16,47.16,61,100,4.61,dust
377,Megion,RU,22-05-07 03:30:03,61.0296,76.1136,26.62,26.02,86,100,30.6,snow
378,Picton,AU,22-05-07 03:30:04,-34.1833,150.6,63.73,62.42,45,2,9.42,clear sky
379,Leningradskiy,RU,22-05-07 03:30:05,69.3833,178.4167,24.3,24.3,94,100,6.04,light snow
380,Marostica,IT,22-05-07 03:30:05,45.7468,11.6579,57.76,52.95,86,100,2.55,overcast clouds
381,Inuvik,CA,22-05-07 03:30:06,68.3499,-133.7218,32.86,32.76,69,100,2.3,overcast clouds
382,Maridi,SS,22-05-07 03:30:07,4.9158,29.4742,65.86,65.86,99,50,5.79,scattered clouds
383,San Quintin,MX,22-05-07 03:30:07,30.4833,-115.95,59.25,59.25,89,0,8.41,clear sky
384,Tandalti,SD,22-05-07 03:30:08,13.0167,31.8667,80.49,80.49,11,88,9.78,overcast clouds
385,Kisangani,CD,22-05-07 03:30:09,0.5167,25.2,67.78,67.78,99,75,0.87,broken clouds
386,Bolivar,US,22-05-07 03:30:09,37.6145,-93.4105,57.99,52.75,88,98,5.23,overcast clouds
387,Bathsheba,BB,22-05-07 03:30:10,13.2167,-59.5167,81.21,81.21,78,40,14.97,scattered clouds
388,Srednekolymsk,RU,22-05-07 03:30:10,67.45,153.6833,30.36,30.36,86,100,5.39,overcast clouds
389,Masuda,JP,22-05-07 03:30:11,34.6667,131.85,79.07,79.07,50,75,14.97,broken clouds
390,Qasigiannguit,GL,22-05-07 03:30:12,68.8193,-51.1922,23.25,23.25,86,12,6.6,few clouds
391,Tashara,RU,22-05-07 03:30:12,55.5195,83.5094,44.65,44.65,40,8,21.39,clear sky
392,Alyangula,AU,22-05-07 03:30:13,-13.8483,136.4192,82.27,82.27,61,75,10.36,broken clouds
393,Ikalamavony,MG,22-05-07 03:30:13,-21.15,46.5833,64.89,64.89,87,42,4.12,scattered clouds
394,Luba,GQ,22-05-07 03:30:14,3.4568,8.5547,75.09,75.09,81,98,2.44,overcast clouds
395,Aksu,CN,22-05-07 03:30:15,41.1231,80.2644,79.66,79.66,25,60,2.62,broken clouds
396,Korla,CN,22-05-07 03:30:15,41.7597,86.1469,78.93,78.93,27,2,2.8,clear sky
397,El Copey,CO,22-05-07 03:30:16,10.1503,-73.9614,75.94,75.94,86,100,1.99,overcast clouds
398,Andros Town,BS,22-05-07 03:30:17,24.7,-77.7667,78.76,78.76,75,8,10.11,clear sky
399,Rosa Zarate,EC,22-05-07 03:30:18,0.3333,-79.4667,73.06,73.06,93,61,2.89,broken clouds
400,Bucerias,MX,22-05-07 03:28:34,20.75,-105.3333,76.98,75.18,83,20,5.75,few clouds
401,Tsaratanana,MG,22-05-07 03:30:19,-16.7833,47.65,72.75,72.75,78,1,7.63,clear sky
402,Esmeraldas,BR,22-05-07 03:30:19,-19.7625,-44.3139,68.31,67.06,88,15,3.76,few clouds
403,Tahta,EG,22-05-07 03:30:20,26.7693,31.5021,65.62,65.62,33,0,6.22,clear sky
404,Pala,TD,22-05-07 03:30:21,9.3642,14.9046,81.75,81.75,56,77,7.58,broken clouds
405,Cayenne,GF,22-05-07 03:30:06,4.9333,-52.3333,77.09,75.24,1,75,0.0,broken clouds
406,Florianopolis,BR,22-05-07 03:30:21,-27.6146,-48.5012,63.63,60.69,72,75,5.75,broken clouds
407,Presidente Prudente,BR,22-05-07 03:31:22,-22.1256,-51.3889,63.95,63.95,82,0,8.05,clear sky
408,Slave Lake,CA,22-05-07 03:31:23,55.2834,-114.769,42.78,42.78,81,100,14.97,overcast clouds
409,Port Shepstone,ZA,22-05-07 03:31:23,-30.7414,30.455,66.54,66.54,82,16,10.74,few clouds
410,Machacamarca,BO,22-05-07 03:31:24,-18.1667,-67.0333,46.67,46.67,53,0,5.21,clear sky
411,Petropavlovsk-Kamchatskiy,RU,22-05-07 03:27:02,53.0452,158.6483,57.79,57.78,38,0,13.42,clear sky
412,Fochville,ZA,22-05-07 03:31:24,-26.4886,27.4939,51.48,51.48,43,0,2.13,clear sky
413,Kaeo,NZ,22-05-07 03:31:25,-35.1,173.7833,68.32,68.32,74,57,7.16,broken clouds
414,Sibolga,ID,22-05-07 03:31:26,1.7427,98.7792,76.64,76.64,95,100,1.86,overcast clouds
415,Okhotsk,RU,22-05-07 03:31:26,59.3833,143.3,37.11,37.11,77,100,8.68,overcast clouds
416,Nova Vodolaha,UA,22-05-07 03:31:27,49.7185,35.8708,45.9,45.9,63,1,6.53,clear sky
417,Ambulu,ID,22-05-07 03:31:28,-8.345,113.6058,86.41,86.41,71,82,4.85,broken clouds
418,Katsuura,JP,22-05-07 03:31:28,35.1333,140.3,65.53,65.53,88,80,13.11,broken clouds
419,Atar,MR,22-05-07 03:31:29,20.5169,-13.0499,80.6,80.6,14,0,8.48,clear sky
420,Radhanpur,IN,22-05-07 03:31:30,23.8333,71.6,92.16,92.16,39,0,12.26,clear sky
421,Arkhipo-Osipovka,RU,22-05-07 03:31:30,44.37,38.52,47.93,47.93,78,99,24.49,overcast clouds
422,Fomboni,KM,22-05-07 03:31:31,-12.28,43.7425,81.66,81.66,71,11,14.23,few clouds
423,Tommot,RU,22-05-07 03:31:31,58.9564,126.2925,40.37,40.37,84,52,8.05,broken clouds
424,Fuyu,CN,22-05-07 03:31:32,45.1833,124.8167,61.02,61.02,14,0,15.99,clear sky
425,Clonakilty,IE,22-05-07 03:31:32,51.6231,-8.8706,49.21,44.1,87,82,2.28,broken clouds
426,Troitsko-Pechorsk,RU,22-05-07 03:31:33,62.7084,56.1964,34.43,34.43,98,100,6.29,light snow
427,Buchanan,LR,22-05-07 03:31:34,5.8808,-10.0467,77.0,77.0,91,88,10.38,light rain
428,Kayes,ML,22-05-07 03:31:34,14.0,-11.0,97.03,97.03,15,100,4.03,overcast clouds
429,Sri Aman,MY,22-05-07 03:31:35,1.2376,111.4621,86.09,86.05,79,40,2.3,scattered clouds
430,Nesbyen,NO,22-05-07 03:31:35,60.5681,9.1027,44.01,42.37,67,99,3.0,overcast clouds
431,Aripuana,BR,22-05-07 03:31:36,-9.1667,-60.6333,72.07,72.07,98,31,1.7,scattered clouds
432,Brightwater,NZ,22-05-07 03:31:36,-41.3833,173.1167,66.69,65.1,77,44,2.82,scattered clouds
433,Manali,IN,22-05-07 03:31:37,13.1667,80.2667,87.89,85.06,75,39,6.78,scattered clouds
434,Contai,IN,22-05-07 03:31:38,21.7786,87.7536,88.61,88.61,60,1,8.16,clear sky
435,Vao,NC,22-05-07 03:31:38,-22.6667,167.4833,75.36,75.36,70,41,21.54,scattered clouds
436,Pisco,PE,22-05-07 03:30:43,-13.7,-76.2167,63.01,62.65,94,0,4.61,clear sky
437,Nyuksenitsa,RU,22-05-07 03:31:39,60.4128,44.2397,46.87,46.87,64,30,8.25,scattered clouds
438,Quatre Cocos,MU,22-05-07 03:31:39,-20.2078,57.7625,76.08,75.31,67,3,15.37,clear sky
439,Constitucion,CL,22-05-07 03:31:40,-35.3333,-72.4167,54.05,54.05,82,8,8.01,clear sky
440,Dutse,NG,22-05-07 03:31:40,11.7594,9.3392,83.16,83.16,52,100,9.42,overcast clouds
441,Nador,MA,22-05-07 03:31:41,35.174,-2.9287,59.25,51.87,88,0,3.44,clear sky
442,Port Moresby,PG,22-05-07 03:31:41,-9.4431,147.1797,89.02,89.02,70,40,11.5,smoke
443,Pillaro,EC,22-05-07 03:31:42,-1.1667,-78.5333,51.15,49.06,69,92,3.04,overcast clouds
444,Abha,SA,22-05-07 03:30:31,18.2164,42.5053,60.62,57.45,63,0,0.0,clear sky
445,Mangai,CD,22-05-07 03:31:43,-4.05,19.5333,70.61,70.61,84,100,1.99,overcast clouds
446,Ambilobe,MG,22-05-07 03:31:43,-13.2,49.05,73.02,73.02,83,1,2.53,clear sky
447,Kargil,IN,22-05-07 03:31:44,34.5667,76.1,47.44,47.44,44,44,1.21,scattered clouds
448,Canutama,BR,22-05-07 03:31:44,-6.5339,-64.3831,72.75,72.75,98,99,2.28,overcast clouds
449,Banda Aceh,ID,22-05-07 03:31:45,5.5577,95.3222,83.91,83.91,71,100,12.15,overcast clouds
450,Salalah,OM,22-05-07 03:31:45,17.0151,54.0924,82.49,82.49,83,40,3.44,scattered clouds
451,Kalmunai,LK,22-05-07 03:31:46,7.4167,81.8167,86.9,86.9,68,75,5.79,broken clouds
452,Geraldton,AU,22-05-07 03:31:47,-28.7667,114.6,77.41,77.41,29,0,12.66,clear sky
453,Boissevain,CA,22-05-07 03:31:47,49.2306,-100.0559,58.64,55.9,86,68,16.04,broken clouds
454,Charleston,US,22-05-07 03:29:56,32.7766,-79.9309,77.18,73.56,74,20,17.27,few clouds
455,Quang Ngai,VN,22-05-07 03:32:48,15.1167,108.8,85.93,85.93,66,100,4.29,overcast clouds
456,Alanya,TR,22-05-07 03:32:48,36.5438,31.9998,66.33,66.33,49,27,7.63,scattered clouds
457,Kapuskasing,CA,22-05-07 03:32:49,49.4169,-82.4331,41.09,41.0,38,0,6.91,clear sky
458,Pokhara,NP,22-05-07 03:32:49,28.2333,83.9833,76.1,76.1,63,78,3.51,broken clouds
459,Ust-Omchug,RU,22-05-07 03:32:50,61.15,149.6333,30.56,30.56,96,100,6.13,snow
460,Ust-Tsilma,RU,22-05-07 03:32:55,65.441,52.1498,36.55,36.55,97,100,5.95,overcast clouds
461,Teruel,ES,22-05-07 03:32:55,40.6667,-0.6667,37.87,37.87,93,18,3.0,few clouds
462,Caribou,US,22-05-07 03:30:46,46.8606,-68.012,32.43,29.46,65,0,0.0,clear sky
463,Grand Haven,US,22-05-07 03:32:56,43.0631,-86.2284,55.62,53.08,39,100,14.79,overcast clouds
464,Mankono,CI,22-05-07 03:32:57,8.0586,-6.1897,74.59,74.59,89,76,4.16,broken clouds
465,Le Port,RE,22-05-07 03:32:57,-20.9373,55.2919,70.25,69.76,64,55,6.62,broken clouds
466,Nuziders,AT,22-05-07 03:32:58,47.1667,9.8,55.11,47.64,89,100,1.99,overcast clouds
467,Raudeberg,NO,22-05-07 03:32:58,61.9875,5.1352,41.67,37.96,91,99,12.62,overcast clouds
468,Padang,ID,22-05-07 03:32:59,-0.9492,100.3543,76.42,76.42,95,100,5.55,moderate rain
469,Conceicao Do Araguaia,BR,22-05-07 03:32:59,-8.2578,-49.2647,75.07,75.07,88,44,4.18,scattered clouds
470,Bubaque,GW,22-05-07 03:33:00,11.2833,-15.8333,77.22,77.22,74,73,13.62,broken clouds
471,Rosetta,EG,22-05-07 03:33:01,31.4044,30.4164,62.62,62.62,62,56,2.33,broken clouds
472,Svetlyy,RU,22-05-07 03:33:01,54.675,20.1347,45.97,44.65,88,0,7.83,clear sky
473,Taonan,CN,22-05-07 03:33:02,45.3333,122.7833,62.29,62.29,14,0,13.31,clear sky
474,Capinzal,BR,22-05-07 03:33:02,-27.3436,-51.6119,53.06,53.06,98,66,1.77,broken clouds
475,West Wendover,US,22-05-07 03:33:03,40.7391,-114.0733,67.69,67.69,30,55,14.25,broken clouds
476,Huzhou,CN,22-05-07 03:33:03,30.8703,120.0933,77.85,77.85,60,100,5.41,overcast clouds
477,Kiunga,PG,22-05-07 03:33:04,-6.1219,141.2906,93.15,93.15,50,49,2.33,scattered clouds
478,Takaka,NZ,22-05-07 03:33:04,-40.85,172.8,65.55,65.55,67,37,3.29,scattered clouds
479,Rawson,AR,22-05-07 03:33:05,-43.3002,-65.1023,62.4,62.4,43,88,18.7,overcast clouds
480,Jutai,BR,22-05-07 03:33:06,-5.1833,-68.9,71.98,71.98,98,65,1.01,broken clouds
481,San Policarpo,PH,22-05-07 03:33:06,12.1791,125.5072,85.1,85.1,71,7,11.05,clear sky
482,Broome,US,22-05-07 03:33:07,42.2506,-75.833,52.63,48.97,91,75,5.75,broken clouds
483,Fasa,IR,22-05-07 03:33:07,28.9383,53.6482,63.64,63.64,42,100,0.0,overcast clouds
484,Mian Channun,PK,22-05-07 03:33:08,30.44,72.3543,101.21,101.21,14,0,9.44,clear sky
485,Ballsh,AL,22-05-07 03:33:08,40.5989,19.7347,57.06,57.06,80,95,6.35,overcast clouds
486,Moron,AR,22-05-07 03:33:09,-34.6534,-58.6198,64.15,54.95,92,0,2.3,fog
487,Cumra,TR,22-05-07 03:33:10,37.5732,32.7745,44.74,44.74,71,100,11.48,overcast clouds
488,Taiyuan,CN,22-05-07 03:33:10,37.8694,112.5603,53.46,53.46,54,20,17.9,few clouds
489,Avera,US,22-05-07 03:33:11,33.194,-82.5271,69.85,63.91,49,0,13.09,clear sky
490,Bandundu,CD,22-05-07 03:33:11,-3.3167,17.3667,74.44,74.44,83,100,1.83,overcast clouds
491,Kavieng,PG,22-05-07 03:33:12,-2.5744,150.7967,85.6,85.6,65,58,13.13,broken clouds
492,Cururupu,BR,22-05-07 03:33:13,-1.8283,-44.8683,74.57,74.57,95,82,3.4,broken clouds
493,Clovis,US,22-05-07 03:29:31,36.8252,-119.7029,77.81,72.66,45,26,3.0,scattered clouds
494,Aykhal,RU,22-05-07 03:33:13,66.0,111.5,27.18,27.18,94,100,9.46,light snow
495,Yuancheng,CN,22-05-07 03:33:14,36.652,107.7896,76.64,76.64,39,36,19.89,scattered clouds
496,Amapa,BR,22-05-07 03:33:15,1.0,-52.0,71.62,71.62,99,100,1.14,overcast clouds
497,Camapua,BR,22-05-07 03:33:15,-19.5314,-54.0439,59.05,59.05,59,0,4.88,clear sky
498,Muros,ES,22-05-07 03:34:16,42.7762,-9.0603,56.16,53.83,71,24,6.98,few clouds
499,Mutis,CO,22-05-07 03:34:17,6.2262,-77.4044,78.33,78.33,84,91,2.51,overcast clouds
500,Tigil,RU,22-05-07 03:34:18,57.8,158.6667,47.48,47.48,87,100,16.11,overcast clouds
501,San Martin,AR,22-05-07 03:34:18,-33.081,-68.4681,54.14,54.14,49,29,4.47,scattered clouds
502,Pundaguitan,PH,22-05-07 03:34:19,6.3711,126.1689,82.15,82.15,80,94,14.2,overcast clouds
503,Kolyshley,RU,22-05-07 03:34:20,52.7005,44.5367,44.42,44.42,53,0,5.1,clear sky
504,Olafsvik,IS,22-05-07 03:34:20,64.8945,-23.7142,40.01,40.01,76,100,16.84,overcast clouds
505,Qui Nhon,VN,22-05-07 03:34:21,13.7667,109.2333,81.84,81.84,78,22,5.97,few clouds
506,Puerto Del Rosario,ES,22-05-07 03:34:22,28.5004,-13.8627,64.15,64.15,82,0,6.91,clear sky
507,Talara,PE,22-05-07 03:34:22,-4.5772,-81.2719,68.7,68.7,83,65,12.06,broken clouds
508,Makaha,US,22-05-07 03:34:23,21.4694,-158.2175,78.71,73.36,64,100,8.05,overcast clouds
509,San Cristobal,VE,22-05-07 03:34:23,7.7669,-72.225,66.38,66.38,99,100,2.68,overcast clouds
510,Zhezkazgan,KZ,22-05-07 03:31:48,47.8043,67.7144,51.78,51.78,46,40,15.66,scattered clouds
511,Ancud,CL,22-05-07 03:31:26,-41.8697,-73.8203,52.84,52.84,89,100,10.22,overcast clouds
512,Chabahar,IR,22-05-07 03:34:24,25.2919,60.643,80.92,80.92,72,0,4.9,clear sky
513,Varhaug,NO,22-05-07 03:34:25,58.6147,5.6457,45.48,42.69,85,39,19.33,scattered clouds
514,Gamba,GA,22-05-07 03:34:25,-2.65,10.0,77.32,77.32,90,100,3.89,light rain
515,Heilbron,ZA,22-05-07 03:34:26,-27.2812,27.9709,48.61,48.61,50,0,3.44,clear sky
516,Acapulco,MX,22-05-07 03:33:00,16.8634,-99.8901,80.42,80.42,74,75,6.91,broken clouds
517,Brigantine,US,22-05-07 03:31:28,39.4101,-74.3646,51.03,50.0,96,100,18.41,moderate rain
518,Rosarito,MX,22-05-07 03:34:27,32.3333,-117.0333,64.42,59.23,77,17,5.28,few clouds
519,Hami,CN,22-05-07 03:34:27,42.8,93.45,79.09,79.09,24,42,8.37,scattered clouds
520,Deputatskiy,RU,22-05-07 03:34:28,69.3,139.9,27.18,27.18,80,88,3.13,overcast clouds
521,Port-Gentil,GA,22-05-07 03:34:28,-0.7193,8.7815,80.2,80.2,80,100,5.61,moderate rain
522,Karagay,RU,22-05-07 03:34:29,58.2667,54.9368,44.96,44.96,61,84,10.63,broken clouds
523,Amahai,ID,22-05-07 03:34:34,-3.3333,128.9167,85.64,85.64,72,84,7.58,broken clouds
524,Moussoro,TD,22-05-07 03:34:34,13.6408,16.4901,87.57,87.57,24,100,7.56,overcast clouds
525,Cravo Norte,CO,22-05-07 03:34:35,6.3017,-70.2041,73.17,73.17,94,98,4.14,overcast clouds
526,Turukhansk,RU,22-05-07 03:34:35,65.8167,87.9833,29.23,29.23,97,95,16.28,overcast clouds
527,Okha,RU,22-05-07 03:34:36,53.5739,142.9478,36.59,36.59,84,74,16.26,broken clouds
528,Tabou,CI,22-05-07 03:34:37,4.423,-7.3528,79.95,79.95,87,85,7.49,moderate rain
529,Floro,NO,22-05-07 03:34:37,61.5996,5.0328,40.96,39.96,81,100,17.27,overcast clouds
530,Campoverde,PE,22-05-07 03:30:18,-8.4753,-74.8058,74.89,74.89,76,100,2.17,overcast clouds
531,Coihaique,CL,22-05-07 03:34:38,-45.5752,-72.0662,50.61,49.95,81,100,3.44,light intensity shower rain
532,Saryg-Sep,RU,22-05-07 03:34:38,51.5,95.6,65.12,65.12,31,53,2.86,broken clouds
533,Hamilton,US,22-05-07 03:33:50,39.1834,-84.5333,58.05,52.52,95,100,18.41,mist
534,Aberfeldy,GB,22-05-07 03:34:39,56.62,-3.8645,47.14,47.14,94,46,2.04,scattered clouds
535,Smithers,CA,22-05-07 03:34:16,54.7804,-127.1743,48.52,48.52,37,75,16.11,broken clouds
536,Bisert,RU,22-05-07 03:34:40,56.8617,59.0523,42.12,42.12,65,3,9.15,clear sky
537,Guapi,CO,22-05-07 03:34:40,2.5708,-77.8854,75.06,75.06,90,88,2.82,light rain
538,Ocampo,MX,22-05-07 03:34:41,21.65,-101.5,64.81,64.81,54,41,8.1,scattered clouds
539,Guerrero Negro,MX,22-05-07 03:32:17,27.9769,-114.0611,60.87,60.87,86,1,12.08,clear sky
540,Goderich,CA,22-05-07 03:30:16,43.7501,-81.7165,52.92,52.12,54,100,8.05,overcast clouds
541,San Lorenzo,PY,22-05-07 03:34:42,-25.3333,-57.5333,61.74,61.59,88,0,0.0,clear sky
542,Usinsk,RU,22-05-07 03:34:42,65.9939,57.5281,30.2,30.2,98,100,19.51,light snow
543,Lorengau,PG,22-05-07 03:34:43,-2.0226,147.2712,83.88,83.88,80,62,9.73,broken clouds
544,Uetersen,DE,22-05-07 03:34:43,53.6833,9.6667,53.37,48.97,87,75,3.44,broken clouds
545,Farroupilha,BR,22-05-07 03:34:44,-29.225,-51.3478,50.61,42.31,99,99,1.66,overcast clouds
546,Neiafu,TO,22-05-07 03:35:44,-18.65,-173.9833,83.08,83.08,74,75,5.75,broken clouds
547,Port Macquarie,AU,22-05-07 03:34:45,-31.4333,152.9167,65.89,65.89,71,99,5.08,overcast clouds
548,Duiwelskloof,ZA,22-05-07 03:35:45,-23.6934,30.14,58.71,58.71,44,0,5.19,clear sky
549,Vitim,RU,22-05-07 03:35:46,59.4511,112.5578,53.24,53.24,48,15,8.57,few clouds
550,Malente,DE,22-05-07 03:35:46,54.1712,10.5552,52.79,49.66,87,99,7.16,overcast clouds
551,Latung,PH,22-05-07 03:35:47,5.5,120.8833,83.71,83.71,74,84,1.54,broken clouds
552,Zhangjiakou,CN,22-05-07 03:35:47,40.81,114.8794,58.44,58.44,14,100,14.07,overcast clouds
553,Aswan,EG,22-05-07 03:35:48,24.0934,32.907,67.3,67.3,27,0,8.05,clear sky
554,Malakal,SS,22-05-07 03:35:48,9.5334,31.6605,82.11,82.11,53,31,4.14,scattered clouds
555,Road Town,VG,22-05-07 03:35:49,18.4167,-64.6167,77.09,77.0,74,32,16.71,scattered clouds
556,Iquique,CL,22-05-07 03:35:49,-20.2208,-70.1431,64.44,64.44,83,64,2.59,broken clouds
557,Broken Hill,AU,22-05-07 03:31:24,-31.95,141.4333,58.71,58.71,51,15,8.05,few clouds
558,Belmonte,BR,22-05-07 03:35:50,-15.8631,-38.8828,75.63,75.63,82,81,6.42,broken clouds
559,Northam,GB,22-05-07 03:35:51,51.0333,-4.2167,51.39,49.6,97,9,5.7,clear sky
560,Oyon,PE,22-05-07 03:35:51,-10.6681,-76.7731,43.21,43.21,86,13,5.53,few clouds
561,Bayji,IQ,22-05-07 03:35:52,34.9311,43.487,65.79,65.79,47,59,9.19,light rain
562,Toamasina,MG,22-05-07 03:35:52,-18.1667,49.3833,71.6,71.6,94,75,2.3,broken clouds
563,Sobolevo,RU,22-05-07 03:35:53,54.4299,31.8996,47.1,47.1,78,100,9.6,overcast clouds
564,La Macarena,CO,22-05-07 03:35:53,2.1837,-73.7849,71.01,71.01,97,34,2.01,scattered clouds
565,Evanston,US,22-05-07 03:35:11,42.0411,-87.6901,52.56,47.05,70,100,13.8,overcast clouds
566,Dakar,SN,22-05-07 03:35:54,14.6937,-17.4441,74.28,69.93,94,0,6.91,clear sky
567,Dancheng,CN,22-05-07 03:35:54,33.6333,115.1833,80.71,80.71,43,0,12.66,clear sky
568,Sampit,ID,22-05-07 03:35:55,-2.5333,112.95,89.67,89.67,63,83,0.76,broken clouds
569,Diego De Almagro,CL,22-05-07 03:35:55,-26.3667,-70.05,55.83,55.83,75,100,0.29,overcast clouds
570,Kattivakkam,IN,22-05-07 03:35:56,13.2167,80.3167,89.69,89.08,73,44,7.02,scattered clouds
571,Atasu,KZ,22-05-07 03:35:57,48.6814,71.6433,55.04,55.04,44,87,20.29,overcast clouds
572,Vostok,RU,22-05-07 03:32:03,46.4856,135.8833,41.45,41.45,83,100,4.23,light rain
573,Marsh Harbour,BS,22-05-07 03:35:57,26.5412,-77.0636,77.41,77.41,82,3,14.38,clear sky
574,Camacha,PT,22-05-07 03:35:58,33.0833,-16.3333,58.42,58.42,82,20,10.36,few clouds
575,Svetlogorsk,BY,22-05-07 03:35:59,52.6333,29.7333,47.98,47.98,71,100,9.8,overcast clouds
576,Medea,DZ,22-05-07 03:35:59,36.2642,2.7539,45.61,45.61,84,2,1.54,clear sky
577,Opuwo,NA,22-05-07 03:36:00,-18.0607,13.84,58.28,58.28,45,0,1.7,clear sky
578,Nelson Bay,AU,22-05-07 03:36:00,-32.7167,152.15,64.99,63.1,49,100,3.0,overcast clouds
579,Leshukonskoye,RU,22-05-07 03:36:01,64.8989,45.7622,40.8,40.8,92,59,7.49,broken clouds
580,Zolotukhino,RU,22-05-07 03:36:01,52.0842,36.3772,41.07,40.62,73,81,7.14,broken clouds
581,Aracati,BR,22-05-07 03:36:02,-4.5617,-37.7697,75.79,75.79,89,99,7.18,overcast clouds
582,Jacqueville,CI,22-05-07 03:36:03,5.2052,-4.4146,80.51,80.51,82,100,7.14,overcast clouds
583,Tessalit,ML,22-05-07 03:36:03,20.1986,1.0114,83.62,83.62,20,100,9.28,overcast clouds
584,Chesma,RU,22-05-07 03:36:04,53.8111,60.6533,43.86,43.86,35,0,7.99,clear sky
585,Independence,US,22-05-07 03:36:04,39.0911,-94.4155,60.62,51.94,81,100,3.44,haze
586,Snezhnogorsk,RU,22-05-07 03:36:05,69.1933,33.2531,42.58,41.79,82,100,17.83,overcast clouds
587,Kysyl-Syr,RU,22-05-07 03:36:05,63.8986,122.7617,39.29,39.29,80,100,6.73,overcast clouds
588,Mingaora,PK,22-05-07 03:33:22,34.7758,72.3625,82.35,82.35,29,0,1.48,clear sky
589,Buraydah,SA,22-05-07 03:34:20,26.326,43.975,72.05,72.05,25,0,12.77,clear sky
590,Ouesso,CG,22-05-07 03:36:06,1.6136,16.0517,70.79,70.79,93,100,1.81,light rain
591,Tuatapere,NZ,22-05-07 03:36:07,-46.1333,167.6833,62.02,62.02,67,100,7.56,moderate rain
592,El Mante,MX,22-05-07 03:36:07,22.7333,-98.9667,82.85,81.36,69,7,5.91,clear sky
593,Huntington,US,22-05-07 03:36:08,38.4193,-82.4452,60.98,58.28,96,100,5.01,overcast clouds
594,Pahrump,US,22-05-07 03:37:05,36.2083,-115.9839,86.05,77.31,17,9,13.0,clear sky
595,Don Sak,TH,22-05-07 03:37:09,9.3168,99.6918,86.95,82.29,78,100,12.86,overcast clouds
596,Lomovka,RU,22-05-07 03:37:09,53.9194,58.3672,41.18,41.18,43,0,4.27,clear sky
597,Seoul,KR,22-05-07 03:35:06,37.5683,126.9778,71.17,67.44,38,0,13.8,clear sky
598,Lucea,JM,22-05-07 03:37:10,18.451,-78.1736,80.46,75.85,76,1,3.47,clear sky
599,Tangwani,PK,22-05-07 03:37:11,28.2787,68.9972,101.53,101.53,13,0,4.79,clear sky
600,Bowen,AU,22-05-07 03:37:11,-20.0167,148.2333,80.17,80.17,73,98,15.5,overcast clouds
601,Itambacuri,BR,22-05-07 03:37:12,-18.0311,-41.685,67.91,67.91,98,63,1.97,broken clouds
602,Udachnyy,RU,22-05-07 03:37:12,66.4167,112.4,30.45,30.45,58,100,9.24,overcast clouds
603,Mwinilunga,ZM,22-05-07 03:34:21,-11.7358,24.4293,60.42,60.42,84,85,3.71,overcast clouds
604,Puerto Madryn,AR,22-05-07 03:37:13,-42.7692,-65.0385,61.27,61.27,49,77,21.23,broken clouds
605,Benguela,AO,22-05-07 03:37:14,-12.5763,13.4055,75.49,75.49,68,64,3.69,broken clouds
606,Ca Mau,VN,22-05-07 03:37:14,9.1769,105.15,90.84,90.84,59,89,13.4,overcast clouds
607,Bilibino,RU,22-05-07 03:37:15,68.0546,166.4372,33.58,33.58,98,100,5.39,light snow
608,Sioux Lookout,CA,22-05-07 03:37:15,50.1001,-91.917,53.67,53.67,37,75,6.91,broken clouds
609,Tolaga Bay,NZ,22-05-07 03:37:16,-38.3667,178.3,60.49,60.49,77,1,4.32,clear sky
610,Abilene,US,22-05-07 03:33:15,32.4487,-99.7331,82.62,78.28,52,0,18.41,clear sky
611,Matale,LK,22-05-07 03:37:16,7.4721,80.6234,84.92,84.92,63,58,4.52,broken clouds
612,Sangar,RU,22-05-07 03:37:17,63.9242,127.4739,34.48,34.48,94,99,8.23,overcast clouds
613,Kruisfontein,ZA,22-05-07 03:37:18,-34.0033,24.7314,56.82,56.82,94,91,7.72,light rain
614,Krasnoselkup,RU,22-05-07 03:37:18,65.7,82.4667,25.45,25.45,84,100,26.84,overcast clouds
615,Fairbanks,US,22-05-07 03:37:19,64.8378,-147.7164,48.22,43.48,81,40,1.01,light rain
616,Nalut,LY,22-05-07 03:37:19,30.3333,10.85,60.33,60.33,60,1,8.21,clear sky
617,San Joaquin,US,22-05-07 03:37:20,37.9333,-121.3011,68.29,61.48,61,75,17.27,broken clouds
618,Charters Towers,AU,22-05-07 03:37:20,-20.1,146.2667,84.16,84.16,48,100,12.75,overcast clouds
619,Nome,US,22-05-07 03:34:37,64.5011,-165.4064,34.16,28.47,74,0,19.57,clear sky
620,Bela,IN,22-05-07 03:37:21,25.9333,81.9833,97.0,97.0,26,0,5.14,clear sky
621,Dwarka,IN,22-05-07 03:37:22,22.2394,68.9678,84.85,84.85,63,0,15.03,clear sky
622,Santa Ana,US,22-05-07 03:32:59,33.7456,-117.8678,74.35,59.83,78,40,8.05,scattered clouds
623,Kurtalan,TR,22-05-07 03:37:22,37.9272,41.7028,52.11,52.11,85,84,5.3,broken clouds
624,Tairua,NZ,22-05-07 03:37:23,-37.0167,175.85,63.03,63.03,69,64,2.06,broken clouds
625,Madang,PG,22-05-07 03:37:23,-5.2246,145.7966,86.67,86.67,68,95,9.26,overcast clouds
626,Karatau,KZ,22-05-07 03:37:24,43.1667,70.4667,77.34,77.34,37,0,1.01,clear sky
627,Saldanha,ZA,22-05-07 03:37:24,-33.0117,17.9442,53.65,53.65,73,94,19.91,overcast clouds
628,Xapuri,BR,22-05-07 03:37:25,-10.6517,-68.5044,70.2,70.2,79,0,2.21,clear sky
629,Yumen,CN,22-05-07 03:37:25,40.2833,97.2,66.33,66.33,11,100,16.49,overcast clouds
630,Anadyr,RU,22-05-07 03:37:26,64.75,177.4833,34.3,33.01,86,75,8.95,light snow
631,Ponta Delgada,PT,22-05-07 03:37:26,37.7333,-25.6667,64.51,63.32,94,75,4.61,light rain
632,Mahanoro,MG,22-05-07 03:37:27,-19.9,48.8,72.16,72.16,91,9,2.04,light rain
633,Ust-Nera,RU,22-05-07 03:37:28,64.5667,143.2,33.62,33.62,77,100,5.44,overcast clouds
634,Joensuu,FI,22-05-07 03:37:28,62.6012,29.7632,43.29,43.29,87,75,5.75,broken clouds
635,Aborlan,PH,22-05-07 03:37:29,9.4352,118.5492,89.67,89.67,64,22,8.34,few clouds
636,Vanavara,RU,22-05-07 03:37:29,60.34,102.2797,56.37,56.37,49,28,10.22,scattered clouds
637,Tottori,JP,22-05-07 03:37:30,35.5,134.2333,73.47,73.47,56,20,8.05,few clouds
638,Aklavik,CA,22-05-07 03:33:59,68.2191,-135.0107,31.19,31.19,86,100,4.99,overcast clouds
639,Puerto El Triunfo,SV,22-05-07 03:37:30,13.2833,-88.55,83.32,83.32,83,76,2.35,broken clouds
640,Nouadhibou,MR,22-05-07 03:37:31,20.931,-17.0347,64.38,64.38,88,21,13.8,few clouds
641,Kudahuvadhoo,MV,22-05-07 03:33:16,2.6708,72.8944,84.2,84.2,76,90,13.8,overcast clouds
642,Kangaatsiaq,GL,22-05-07 03:38:32,68.3065,-53.4641,14.13,14.13,97,48,2.66,scattered clouds
643,Tiznit,MA,22-05-07 03:38:32,29.5833,-9.5,70.72,70.72,20,95,4.21,overcast clouds
644,Verkhnyaya Inta,RU,22-05-07 03:38:33,65.9811,60.3094,33.35,33.35,70,99,13.2,overcast clouds
645,Surat,IN,22-05-07 03:38:33,21.1667,72.8333,85.98,85.98,70,1,5.75,haze
646,Mo I Rana,NO,22-05-07 03:38:34,66.3128,14.1428,37.87,37.33,90,75,10.36,light rain
647,Kieta,PG,22-05-07 03:38:34,-6.2167,155.6333,84.42,84.42,73,16,6.04,light rain
648,Anloga,GH,22-05-07 03:38:35,5.7947,0.8973,79.2,79.2,80,100,2.62,overcast clouds
649,Vuktyl,RU,22-05-07 03:38:35,63.8567,57.3094,32.4,32.4,94,100,10.33,light snow
650,Abyek,IR,22-05-07 03:38:36,36.0667,50.55,51.4,49.66,42,55,4.63,broken clouds
651,Bonwapitse,BW,22-05-07 03:38:36,-23.0766,26.7037,60.31,60.31,41,3,3.15,clear sky
652,Vilhena,BR,22-05-07 03:38:37,-12.7406,-60.1458,65.61,65.61,74,0,3.04,clear sky
653,Mwembe,TZ,22-05-07 03:38:37,-4.15,37.85,64.78,64.78,90,98,3.49,overcast clouds
654,Akdagmadeni,TR,22-05-07 03:38:38,39.6603,35.8836,37.72,37.72,98,100,4.03,overcast clouds
655,Marzuq,YE,22-05-07 03:38:38,14.4,46.4667,77.92,77.92,26,0,4.68,clear sky
656,Ilhabela,BR,22-05-07 03:38:39,-23.7781,-45.3581,65.16,65.16,83,5,4.5,clear sky
657,Camabatela,AO,22-05-07 03:38:39,-8.1881,15.375,62.58,62.58,82,91,1.83,overcast clouds
658,Lagos,NG,22-05-07 03:38:40,6.5833,3.75,75.52,75.52,94,97,1.19,overcast clouds
659,Nemuro,JP,22-05-07 03:38:41,43.3236,145.575,48.2,48.2,92,39,20.92,scattered clouds
660,Cukai,MY,22-05-07 03:38:41,4.25,103.4167,78.75,78.75,72,100,5.93,overcast clouds
661,Itapuranga,BR,22-05-07 03:38:42,-15.5622,-49.9486,67.71,67.71,70,10,4.27,clear sky
662,Hecun,CN,22-05-07 03:38:42,36.5333,114.1111,57.2,57.2,39,100,15.26,overcast clouds
663,Ishigaki,JP,22-05-07 03:38:43,24.3448,124.1572,82.53,82.53,74,75,6.91,broken clouds
664,Adre,TD,22-05-07 03:38:43,13.4667,22.2,77.68,77.68,15,36,11.72,scattered clouds
665,Moyuta,GT,22-05-07 03:38:44,14.0386,-90.0808,65.03,65.03,91,33,1.54,scattered clouds
666,Shahreza,IR,22-05-07 03:38:44,32.0339,51.8794,61.54,61.54,44,93,10.8,overcast clouds
667,Izhma,RU,22-05-07 03:38:45,65.0083,53.9113,36.14,36.14,99,100,6.93,overcast clouds
668,Heishan,CN,22-05-07 03:38:46,41.6892,122.1128,63.18,63.18,11,21,16.13,few clouds
669,Great Yarmouth,GB,22-05-07 03:38:46,52.6083,1.7305,56.01,53.94,98,100,4.5,overcast clouds
670,Praia,CV,22-05-07 03:38:47,14.9215,-23.5087,72.14,72.14,60,0,11.5,clear sky
671,Beyneu,KZ,22-05-07 03:38:47,45.3167,55.2,64.0,64.0,43,62,22.17,broken clouds
672,Taikang,CN,22-05-07 03:38:48,46.8333,124.4167,60.21,60.21,20,0,16.87,clear sky
673,Anamur,TR,22-05-07 03:38:48,36.0751,32.8369,61.52,61.52,52,49,8.7,scattered clouds
674,Zhuhai,CN,22-05-07 03:36:16,22.2769,113.5678,84.85,78.51,78,20,6.91,few clouds
675,Mangrol,IN,22-05-07 03:38:49,21.1167,70.1167,86.58,86.58,58,0,14.58,clear sky
676,Erzurum,TR,22-05-07 03:38:50,40.0,41.5,37.08,37.08,76,77,3.85,broken clouds
677,Te Anau,NZ,22-05-07 03:38:50,-45.4167,167.7167,60.75,60.75,67,98,6.46,light rain
678,Bayir,TR,22-05-07 03:38:51,37.2687,28.2167,50.52,50.52,60,64,4.09,broken clouds
679,Yatou,CN,22-05-07 03:38:51,37.15,122.3833,60.12,60.12,32,17,20.83,few clouds
680,Elizabeth City,US,22-05-07 03:38:52,36.2946,-76.2511,71.62,64.0,94,96,16.44,overcast clouds
681,Jaciara,BR,22-05-07 03:38:52,-15.9653,-54.9683,61.18,61.18,50,0,1.61,clear sky
682,Kathmandu,NP,22-05-07 03:37:54,27.7167,85.3167,75.42,75.42,60,40,3.44,scattered clouds
683,Matamoros,MX,22-05-07 03:38:53,25.5333,-103.25,89.71,89.71,17,0,6.91,clear sky
684,Huamachuco,PE,22-05-07 03:38:54,-7.8,-78.0667,48.29,48.29,91,44,3.58,scattered clouds
685,Biak,ID,22-05-07 03:38:54,-0.9131,122.8766,82.74,82.74,77,84,1.1,broken clouds
686,Edd,ER,22-05-07 03:38:55,13.9297,41.6925,83.91,83.91,76,7,4.79,clear sky
687,Flin Flon,CA,22-05-07 03:38:55,54.7682,-101.865,48.65,48.65,92,94,12.8,overcast clouds
688,Bonfim,BR,22-05-07 03:39:56,3.0833,-59.95,78.98,78.98,81,100,1.68,moderate rain
689,Vila Velha,BR,22-05-07 03:39:48,-20.3297,-40.2925,75.15,75.15,78,0,9.22,clear sky
690,Ostersund,SE,22-05-07 03:39:57,63.1792,14.6357,38.61,37.85,75,75,16.11,broken clouds
691,Mpika,ZM,22-05-07 03:39:57,-11.8343,31.4529,55.74,55.74,97,39,4.72,scattered clouds
